<?xml version="1.0"?>
<config>
	<menu>
		<dnj>              
			<children>
				<manage_product_options module="customoption">
					<title>Manage Optioned Products</title>
					<sort_order>0</sort_order>
					<action>customoption/adminhtml_customoption</action>
				</manage_product_options>
			</children>
		</dnj>
	</menu>
	<acl>
		<resources>
			<all>
				<title>Allow Everything</title>
			</all>
			<admin>
				<children>
					<Magebuzz_Customoption>
						<title>Customoption Module</title>
						<sort_order>10</sort_order>
					</Magebuzz_Customoption>
				</children>
			</admin>
			<customoption module="customoption">
				<title>Customoption</title>
				<sort_order>89</sort_order>               
				<children>
					<manage_product_options module="customoption">
						<title>Manage Product Options</title>
					</manage_product_options>
				</children>
			</customoption>
		</resources>
	</acl>
</config>